category,question
dnh,Apa kriteria dan kualifikasi utama dalam pemilihan asisten dosen?
dnh,Bagaimana proses publikasi menggunakan Sinta 2 sebagai pengganti tugas akhir?
dnh,Apakah ada persyaratan atau panduan yang perlu dipatuhi oleh mahasiswa yang ingin menggunakan Sinta 2 untuk publikasi ilmiah?
dnh,Apa manfaat dari publikasi ilmiah menggunakan Sinta 2 dalam mendukung pencapaian lulus tepat waktu?
dnh,Apa saja metode yang dapat digunakan untuk membantu publikasi ilmiah?
dnh,Apakah ada strategi komunikasi yang efektif dalam membantu publikasi ilmiah?
dnh,Bagaimana cara mahasiswa dapat memanfaatkan Sinta 2 untuk meningkatkan publikasi ilmiah mereka?
dnh,Apa saja langkah-langkah yang harus diikuti dalam proses publikasi menggunakan Sinta 2?
dnh,Apakah ada tips dan trik yang dapat membantu mahasiswa dalam publikasi ilmiah menggunakan Sinta 2?
dnh,Bagaimana peran dosen dalam membantu mahasiswa dalam publikasi ilmiah menggunakan Sinta 2?
gia,Apa strategi komunikasi yang efektif yang telah diimplementasikan untuk memastikan pemahaman pedoman akademik?
gia,Bagaimana mahasiswa dapat mengakses sumber informasi kegiatan yang terkait dengan program studi mereka?
gia,Apa langkah yang diambil untuk menyelesaikan permasalahan terkait dengan sumber informasi kegiatan yang tidak tersedia?
gia,Apa manfaat dari strategi komunikasi yang efektif dalam memastikan pemahaman pedoman akademik?
gia,Apakah ada pedoman tertentu yang harus diikuti dalam komunikasi dengan mahasiswa terkait pemahaman pedoman akademik?
gia,Bagaimana mahasiswa dapat mencari sumber informasi kegiatan yang relevan dengan program studi mereka?
gia,Apa tindakan yang dapat diambil untuk menyelesaikan permasalahan terkait dengan sumber informasi kegiatan yang tidak dapat diakses?
gia,Apa peran dosen dalam memastikan pemahaman pedoman akademik dan memberikan sumber informasi kegiatan kepada mahasiswa?
gia,Apakah ada metode komunikasi lain yang efektif dalam memastikan pemahaman pedoman akademik dan menyediakan sumber informasi kegiatan?
gia,Bagaimana mahasiswa dapat mengatasi permasalahan terkait dengan sumber informasi kegiatan yang tidak tersedia?
